{
    "portfolioData":
        [
            {"category": "Nature", "img":"https://img.freepik.com/free-photo/wide-angle-shot-single-tree-growing-clouded-sky-during-sunset-surrounded-by-grass_181624-22807.jpg?size=626&ext=jpg&ga=GA1.1.251037257.1685513824&semt=ais"},
            {"category": "Wildlife", "img":"https://img.freepik.com/free-photo/closeup-shot-two-zebras-cuddling_181624-5940.jpg?size=626&ext=jpg&ga=GA1.1.251037257.1685513824&semt=ais"},
            {"category": "Astro", "img":"https://img.freepik.com/free-photo/silhouette-young-backpacker-man-walking-during-sunset_1150-2665.jpg?size=626&ext=jpg&ga=GA1.1.251037257.1685513824&semt=ais"},
            {"category": "Street", "img":"https://img.freepik.com/free-photo/japan-street-daytime_23-2148942935.jpg?size=626&ext=jpg&ga=GA1.1.251037257.1685513824&semt=ais"},
            {"category": "Nature", "img":"https://img.freepik.com/free-photo/aerial-beautiful-shot-seashore-with-hills-background-sunset_181624-24143.jpg?size=626&ext=jpg&ga=GA1.1.251037257.1685513824&semt=ais"},
            {"category": "Wildlife", "img":"https://img.freepik.com/free-photo/amazing-bengal-tiger-nature_475641-1189.jpg?size=626&ext=jpg&ga=GA1.1.251037257.1685513824&semt=ais"},
            {"category": "Astro", "img":"https://img.freepik.com/free-photo/view-equipment-construction-works-starry-night-sky_181624-59888.jpg?size=626&ext=jpg&ga=GA1.1.251037257.1685513824&semt=ais"},
            {"category": "Street", "img":"https://img.freepik.com/free-photo/diverse-business-people-commuting-underground_53876-144318.jpg?size=626&ext=jpg&ga=GA1.1.251037257.1685513824&semt=ais"},
            {"category": "Nature", "img":"https://img.freepik.com/free-photo/river-foggy-mountains-landscape_1204-511.jpg?size=626&ext=jpg&ga=GA1.1.251037257.1685513824&semt=ais"},
            {"category": "Wildlife", "img":"https://img.freepik.com/free-photo/redeyed-tree-frog-sitting-green-leaves_488145-357.jpg?size=626&ext=jpg&ga=GA1.1.251037257.1685513824&semt=ais"},
            {"category": "Astro", "img":"https://img.freepik.com/free-photo/beautiful-night-landscape-view-milky-way-galactic-core-etosha-national-park-camping-namibia_1150-21645.jpg?size=626&ext=jpg&ga=GA1.1.251037257.1685513824&semt=ais"},
            {"category": "Street", "img":"https://img.freepik.com/free-photo/man-crossing-street_181624-275.jpg?size=626&ext=jpg&ga=GA1.1.251037257.1685513824&semt=ais"},
            {"category": "Nature", "img":"https://img.freepik.com/free-photo/rocks-body-lake-with-beautiful-sunset-scenery_181624-24200.jpg?size=626&ext=jpg&ga=GA1.1.251037257.1685513824&semt=ais"},
            {"category": "Wildlife", "img":"https://img.freepik.com/free-photo/beautiful-blue-kingfisher-bird-branch_167946-156.jpg?size=626&ext=jpg&ga=GA1.1.251037257.1685513824&semt=ais"},
            {"category": "Astro", "img":"https://img.freepik.com/free-photo/beautiful-shot-night-sky-with-breathtaking-spinning-stars_181624-4268.jpg?size=626&ext=jpg&ga=GA1.1.251037257.1685513824&semt=ais"},
            {"category": "Street", "img":"https://img.freepik.com/free-photo/modern-skyscrapers-illuminate-night-city-vanishing-into-dark-generative-ai_188544-11259.jpg?size=626&ext=jpg&ga=GA1.1.251037257.1685513824&semt=ais"},
            {"category": "Nature", "img":"https://img.freepik.com/free-photo/view-camera-stand-by-beautiful-lake-hills-horizon-sunny-day_181624-18263.jpg?size=626&ext=jpg&ga=GA1.1.251037257.1685513824&semt=ais"},
            {"category": "Wildlife", "img":"https://img.freepik.com/free-photo/portrait-beautiful-peacock-with-feathers-out_167946-147.jpg?size=626&ext=jpg&ga=GA1.1.251037257.1685513824&semt=ais"},
            {"category": "Astro", "img":"https://img.freepik.com/free-photo/black-sailing-boat-digital-wallpaper_395237-274.jpg?size=626&ext=jpg&ga=GA1.1.251037257.1685513824&semt=ais"},
            {"category": "Street", "img":"https://img.freepik.com/free-photo/side-view-couple-walk-city_23-2148749250.jpg?size=626&ext=jpg&ga=GA1.1.251037257.1685513824&semt=ais"},
            {"category": "Nature", "img":"https://img.freepik.com/free-photo/beautiful-shot-wooden-bridge-river-surrounded-with-trees-forest_181624-31000.jpg?size=626&ext=jpg&ga=GA1.1.251037257.1685513824&semt=ais"},
            {"category": "Wildlife", "img":"https://img.freepik.com/free-photo/elephants-drinking-water_181624-5984.jpg?size=626&ext=jpg&ga=GA1.1.251037257.1685513824&semt=ais"},
            {"category": "Astro", "img":"https://img.freepik.com/free-photo/astronaut-mars-collage_23-2149395730.jpg?size=626&ext=jpg&ga=GA1.1.251037257.1685513824&semt=ais"},
            {"category": "Street", "img":"https://img.freepik.com/free-photo/rajasthani-lifestyle-community-india_53876-71225.jpg?size=626&ext=jpg&ga=GA1.1.251037257.1685513824&semt=ais"},
            {"category": "Nature", "img":"https://img.freepik.com/free-photo/shiraito-waterfall-autumn-japan_335224-193.jpg?size=626&ext=jpg&ga=GA1.1.251037257.1685513824&semt=ais"},
            {"category": "Wildlife", "img":"https://img.freepik.com/free-photo/closeup-shot-lonely-mandrill-blurred_181624-7176.jpg?size=626&ext=jpg&ga=GA1.1.251037257.1685513824&semt=ais"},
            {"category": "Astro", "img":"https://img.freepik.com/free-photo/milky-way-full-stars-space_181624-2599.jpg?size=626&ext=jpg&ga=GA1.1.251037257.1685513824&semt=ais"},
            {"category": "Street", "img":"https://img.freepik.com/free-photo/elegant-lady-near-young-guy-street-evening_23-2148012390.jpg?size=626&ext=jpg&ga=GA1.1.251037257.1685513824&semt=ais"},
            {"category": "Nature", "img":"https://img.freepik.com/free-photo/beautiful-shot-wooden-stairs-surrounded-by-trees-forest_181624-2475.jpg?size=626&ext=jpg&ga=GA1.1.251037257.1685513824&semt=ais"},
            {"category": "Wildlife", "img":"https://img.freepik.com/free-photo/african-lion-portrait-warm-light_475641-21.jpg?size=626&ext=jpg&ga=GA1.1.251037257.1685513824&semt=ais"},
            {"category": "Astro", "img":"https://img.freepik.com/free-photo/silhouette-man-resting-mountains-near-bonfire_651396-2636.jpg?size=626&ext=jpg&ga=GA1.1.251037257.1685513824&semt=ais"},
            {"category": "Street", "img":"https://img.freepik.com/free-photo/modern-buildings-with-glass-windows-cloudy-sky-during-sunset-evening_181624-21988.jpg?size=626&ext=jpg&ga=GA1.1.251037257.1685513824&semt=ais"}     
    ]
}